brand,엑셀상품명,판매가격,광진가격(60%),image_url,url,idx
TAKT,Cross Chair,890000,,https://cdn-optimized.imweb.me/upload/S20220913933c2e8a72cb1/455b6d75966d4.png?w=800,https://www.mu-tomo.com/ALLPRODUCTS/?idx=1,1
TAKT,Cross Chair Tube,840000,,https://cdn-optimized.imweb.me/upload/S20220913933c2e8a72cb1/9db4bcf139f2e.png?w=800,https://www.mu-tomo.com/ALLPRODUCTS/?idx=2,2
TAKT,Arc Chair,1230000,,https://cdn-optimized.imweb.me/upload/S20220913933c2e8a72cb1/f498fd43dfdbb.png?w=800,https://www.mu-tomo.com/ALLPRODUCTS/?idx=3,3
TAKT,Soft Chair,1280000,,https://cdn-optimized.imweb.me/upload/S20220913933c2e8a72cb1/5757355832ee5.png?w=800,https://www.mu-tomo.com/ALLPRODUCTS/?idx=4,4
TAKT,Soft Lounge Chair,2360000,,https://cdn-optimized.imweb.me/upload/S20220913933c2e8a72cb1/b3902660710d1.jpg?w=800,https://www.mu-tomo.com/ALLPRODUCTS/?idx=5,5
TAKT,Tool Chair,798000,,https://cdn-optimized.imweb.me/upload/S20220913933c2e8a72cb1/187c6dce7855c.png?w=800,https://www.mu-tomo.com/ALLPRODUCTS/?idx=6,6
TAKT,Sling Lounge Chair,1810000,,https://cdn-optimized.imweb.me/upload/S20220913933c2e8a72cb1/11b85bab8184d.jpg?w=800,https://www.mu-tomo.com/ALLPRODUCTS/?idx=7,7
MUTOMO,MU. Type AT1800,1390000,,https://cdn-optimized.imweb.me/upload/S20220913933c2e8a72cb1/8434d42eb974b.jpg?w=800,https://www.mu-tomo.com/ALLPRODUCTS/?idx=8,8
MUTOMO,MU. Type AT1600,1260000,,https://cdn-optimized.imweb.me/upload/S20220913933c2e8a72cb1/d5644a03b2b33.jpg?w=800,https://www.mu-tomo.com/ALLPRODUCTS/?idx=9,9
MUTOMO,MU. Type AT1200,1140000,,https://cdn-optimized.imweb.me/upload/S20220913933c2e8a72cb1/94ddbf161b64c.jpg?w=800,https://www.mu-tomo.com/ALLPRODUCTS/?idx=10,10
MUTOMO,MU. Type AR1600,1260000,,https://cdn-optimized.imweb.me/upload/S20220913933c2e8a72cb1/61f8b272f8748.jpg?w=800,https://www.mu-tomo.com/ALLPRODUCTS/?idx=11,11
MUTOMO,MU. Type AC1100,1130000,,https://cdn-optimized.imweb.me/upload/S20220913933c2e8a72cb1/7a7879611df2c.jpg?w=800,https://www.mu-tomo.com/ALLPRODUCTS/?idx=12,12
MUTOMO,MU. Zero,180000,,https://cdn-optimized.imweb.me/upload/S20220913933c2e8a72cb1/9659cdc4888ec.jpg?w=800,https://www.mu-tomo.com/ALLPRODUCTS/?idx=13,13
MUTOMO,MU. Type OneB1200,430000,,https://cdn-optimized.imweb.me/upload/S20220913933c2e8a72cb1/e1c13ad35719c.jpg?w=800,https://www.mu-tomo.com/ALLPRODUCTS/?idx=15,15
MUTOMO,MU. Type OneV1200,490000,,https://cdn-optimized.imweb.me/upload/S20220913933c2e8a72cb1/bc94ab2055f75.jpg?w=800,https://www.mu-tomo.com/ALLPRODUCTS/?idx=19,19
MUTOMO,Rectangle Board - 7size,510000,,https://cdn-optimized.imweb.me/upload/S20220913933c2e8a72cb1/1dee1a82aabbd.jpg?w=800,https://www.mu-tomo.com/ALLPRODUCTS/?idx=23,23
TAKT,Cross Upholstery Padding,350000,,https://cdn-optimized.imweb.me/upload/S20220913933c2e8a72cb1/866cea3cb2567.jpg?w=800,https://www.mu-tomo.com/ALLPRODUCTS/?idx=26,26
TAKT,Cross Chair backrest,119000,,https://cdn-optimized.imweb.me/upload/S20220913933c2e8a72cb1/12ae39635b596.jpg?w=800,https://www.mu-tomo.com/ALLPRODUCTS/?idx=27,27
MUTOMO,Circle Board - 4size,90000,,https://cdn-optimized.imweb.me/upload/S20220913933c2e8a72cb1/6fe2f850d3ccb.jpg?w=800,https://www.mu-tomo.com/ALLPRODUCTS/?idx=28,28
MUTOMO,Round Board,480000,,https://cdn-optimized.imweb.me/upload/S20220913933c2e8a72cb1/87557fb9d8e27.jpg?w=800,https://www.mu-tomo.com/ALLPRODUCTS/?idx=29,29
MUTOMO,Oval Board,300000,,https://cdn-optimized.imweb.me/upload/S20220913933c2e8a72cb1/061724a2703d7.jpg?w=800,https://www.mu-tomo.com/ALLPRODUCTS/?idx=30,30
TAKT,Cross Task Chair,890000,,https://cdn-optimized.imweb.me/upload/S20220913933c2e8a72cb1/48366b968e8c2.jpg?w=800,https://www.mu-tomo.com/ALLPRODUCTS/?idx=35,35
TAKT,Plint,1800000,,https://cdn-optimized.imweb.me/upload/S20220913933c2e8a72cb1/08d4cfaaf2e0f.jpg?w=800,https://www.mu-tomo.com/ALLPRODUCTS/?idx=36,36
TAKT,Sling Lounge Chair Armrest,1890000,,https://cdn-optimized.imweb.me/upload/S20220913933c2e8a72cb1/423af6e601f09.jpg?w=800,https://www.mu-tomo.com/ALLPRODUCTS/?idx=37,37
MUTOMO,Bench Board,160000,,https://cdn-optimized.imweb.me/upload/S20220913933c2e8a72cb1/be80baf606845.jpg?w=800,https://www.mu-tomo.com/ALLPRODUCTS/?idx=38,38
TAKT,Soft Stool,650000,,https://cdn-optimized.imweb.me/upload/S20220913933c2e8a72cb1/a36eda652b0c6.jpg?w=800,https://www.mu-tomo.com/ALLPRODUCTS/?idx=42,42
TAKT,Soft Bench,970000,,https://cdn-optimized.imweb.me/upload/S20220913933c2e8a72cb1/dd7c09d3b6498.jpg?w=800,https://www.mu-tomo.com/ALLPRODUCTS/?idx=43,43
TAKT,Cross Chair Tube backrest,119000,,https://cdn-optimized.imweb.me/upload/S20220913933c2e8a72cb1/7e338c287e256.jpg?w=800,https://www.mu-tomo.com/ALLPRODUCTS/?idx=46,46
TAKT,Cross Chair Seat,230000,,https://cdn-optimized.imweb.me/upload/S20220913933c2e8a72cb1/82b8e971a40f5.jpg?w=800,https://www.mu-tomo.com/ALLPRODUCTS/?idx=47,47
TAKT,Curve Coat Rack shelf : PRE-ORDER,246000,,https://cdn-optimized.imweb.me/upload/S20220913933c2e8a72cb1/9865fbffb65ff.jpg?w=800,https://www.mu-tomo.com/ALLPRODUCTS/?idx=48,48
TAKT,Cross Table 75,1710000,,https://cdn-optimized.imweb.me/upload/S20220913933c2e8a72cb1/80cb418aaaa4d.jpg?w=800,https://www.mu-tomo.com/ALLPRODUCTS/?idx=49,49
TAKT,Cross Table 120,2100000,,https://cdn-optimized.imweb.me/upload/S20220913933c2e8a72cb1/50d4c79d3dac7.jpg?w=800,https://www.mu-tomo.com/ALLPRODUCTS/?idx=50,50
MUTOMO ART PROJECT,MU. Cubby 1600,680000,,https://cdn-optimized.imweb.me/upload/S20220913933c2e8a72cb1/511e8202b1fa2.jpg?w=800,https://www.mu-tomo.com/ALLPRODUCTS/?idx=52,52
MUTOMO kids,MU. Gene' Mango,438000,,https://cdn-optimized.imweb.me/upload/S20220913933c2e8a72cb1/5c0d622f3ca93.jpg?w=800,https://www.mu-tomo.com/ALLPRODUCTS/?idx=53,53
MUTOMO kids,MU. Gene' Round,483000,,https://cdn-optimized.imweb.me/upload/S20220913933c2e8a72cb1/2caca7b27fd00.jpg?w=800,https://www.mu-tomo.com/ALLPRODUCTS/?idx=54,54
MUTOMO kids,MU. Gene' Square L,483000,,https://cdn-optimized.imweb.me/upload/S20220913933c2e8a72cb1/1f0c9e48a8a3e.jpg?w=800,https://www.mu-tomo.com/ALLPRODUCTS/?idx=59,59
MUTOMO kids,MU. Gene' Square L 75,587000,,https://cdn-optimized.imweb.me/upload/S20220913933c2e8a72cb1/c7fbe0f5ad900.jpg?w=800,https://www.mu-tomo.com/ALLPRODUCTS/?idx=60,60
MUTOMO ART PROJECT,MU. Cubby 1200,550000,,https://cdn-optimized.imweb.me/upload/S20220913933c2e8a72cb1/a44f9df57a1da.jpg?w=800,https://www.mu-tomo.com/ALLPRODUCTS/?idx=61,61
MUTOMO ART PROJECT,MU. Cubby 800,500000,,https://cdn-optimized.imweb.me/upload/S20220913933c2e8a72cb1/8af0dff762924.jpg?w=800,https://www.mu-tomo.com/ALLPRODUCTS/?idx=62,62
MUTOMO ART PROJECT,Table Board [단품] - 6종류,102000,,https://cdn-optimized.imweb.me/upload/S20220913933c2e8a72cb1/a5afacf04673f.jpg?w=800,https://www.mu-tomo.com/ALLPRODUCTS/?idx=63,63
MUTOMO ART PROJECT,Clipper Leg [단품 1EA],72000,,https://cdn-optimized.imweb.me/upload/S20220913933c2e8a72cb1/bc0f968d0f7e7.jpg?w=800,https://www.mu-tomo.com/ALLPRODUCTS/?idx=64,64
mono,POTT Bonito children's cutlery Set - 4pcs,169000,,https://cdn-optimized.imweb.me/upload/S20220913933c2e8a72cb1/84ac473626e77.jpg?w=800,https://www.mu-tomo.com/ALLPRODUCTS/?idx=65,65
mono,Flatware stand,56500,,https://cdn-optimized.imweb.me/upload/S20220913933c2e8a72cb1/094001752ad93.jpg?w=800,https://www.mu-tomo.com/ALLPRODUCTS/?idx=67,67
mono,Mono Ring Table Spoon - Grey,32500,,https://cdn-optimized.imweb.me/upload/S20220913933c2e8a72cb1/0cbe6eb737565.jpg?w=800,https://www.mu-tomo.com/ALLPRODUCTS/?idx=68,68
mono,Mono Ring Table Fork- Grey,32500,,https://cdn-optimized.imweb.me/upload/S20220913933c2e8a72cb1/75c335b8702a9.jpg?w=800,https://www.mu-tomo.com/ALLPRODUCTS/?idx=69,69
mono,Mono Ring Table Knife - Grey,49500,,https://cdn-optimized.imweb.me/upload/S20220913933c2e8a72cb1/945530757e43c.jpg?w=800,https://www.mu-tomo.com/ALLPRODUCTS/?idx=70,70
mono,Mono Ring Dessert Teaspoon - Grey,28000,,https://cdn-optimized.imweb.me/upload/S20220913933c2e8a72cb1/7848101d55bc3.jpg?w=800,https://www.mu-tomo.com/ALLPRODUCTS/?idx=71,71
mono,Mono Ring Dessert Fork - Grey,31000,,https://cdn-optimized.imweb.me/upload/S20220913933c2e8a72cb1/0be6d3ac9f4ec.jpg?w=800,https://www.mu-tomo.com/ALLPRODUCTS/?idx=72,72
mono,Mono Ring Little Tasting Spoon - Grey,38500,,https://cdn-optimized.imweb.me/upload/S20220913933c2e8a72cb1/733c6e32faaa7.jpg?w=800,https://www.mu-tomo.com/ALLPRODUCTS/?idx=78,78
mono,Mono Ring Little Tasting Spoon - Blue,38500,,https://cdn-optimized.imweb.me/upload/S20220913933c2e8a72cb1/6c20d4e34c727.jpg?w=800,https://www.mu-tomo.com/ALLPRODUCTS/?idx=79,79
mono,Mono Ring Dessert Fork - Blue,31000,,https://cdn-optimized.imweb.me/upload/S20220913933c2e8a72cb1/0bf5f44fe0942.jpg?w=800,https://www.mu-tomo.com/ALLPRODUCTS/?idx=80,80
mono,Mono Ring Dessert Teaspoon - Blue,28000,,https://cdn-optimized.imweb.me/upload/S20220913933c2e8a72cb1/37f855ea49150.jpg?w=800,https://www.mu-tomo.com/ALLPRODUCTS/?idx=81,81
mono,Mono Ring Table Knife - Blue,49500,,https://cdn-optimized.imweb.me/upload/S20220913933c2e8a72cb1/ee1a6ede26e13.jpg?w=800,https://www.mu-tomo.com/ALLPRODUCTS/?idx=82,82
mono,Mono Ring Table Fork- Blue,32500,,https://cdn-optimized.imweb.me/upload/S20220913933c2e8a72cb1/c750a042aa61c.jpg?w=800,https://www.mu-tomo.com/ALLPRODUCTS/?idx=83,83
mono,Mono Ring Table Spoon - Blue,32500,,https://cdn-optimized.imweb.me/upload/S20220913933c2e8a72cb1/dee90a06d5472.jpg?w=800,https://www.mu-tomo.com/ALLPRODUCTS/?idx=84,84
mono,Mono Ring Little Tasting Spoon - Red,38500,,https://cdn-optimized.imweb.me/upload/S20220913933c2e8a72cb1/443e34e804b1b.jpg?w=800,https://www.mu-tomo.com/ALLPRODUCTS/?idx=91,91
mono,Mono Ring Dessert Fork - Red,31000,,https://cdn-optimized.imweb.me/upload/S20220913933c2e8a72cb1/b378692b4b390.jpg?w=800,https://www.mu-tomo.com/ALLPRODUCTS/?idx=92,92
mono,Mono Ring Dessert Teaspoon - Red,28000,,https://cdn-optimized.imweb.me/upload/S20220913933c2e8a72cb1/efeae046b9325.jpg?w=800,https://www.mu-tomo.com/ALLPRODUCTS/?idx=93,93
mono,Mono Ring Table Knife - Red,49500,,https://cdn-optimized.imweb.me/upload/S20220913933c2e8a72cb1/7e46492cb7e89.jpg?w=800,https://www.mu-tomo.com/ALLPRODUCTS/?idx=94,94
mono,Mono Ring Table Fork- Red,32500,,https://cdn-optimized.imweb.me/upload/S20220913933c2e8a72cb1/3f3d40eaee991.jpg?w=800,https://www.mu-tomo.com/ALLPRODUCTS/?idx=95,95
mono,Mono Ring Table Spoon - Red,32500,,https://cdn-optimized.imweb.me/upload/S20220913933c2e8a72cb1/d32c6e06d4c18.jpg?w=800,https://www.mu-tomo.com/ALLPRODUCTS/?idx=96,96
mono,Mono Ring Little Tasting Spoon - white,38500,,https://cdn-optimized.imweb.me/upload/S20220913933c2e8a72cb1/e1ab3e1c57af5.jpg?w=800,https://www.mu-tomo.com/ALLPRODUCTS/?idx=97,97
mono,Mono Ring Dessert Fork - White,31000,,https://cdn-optimized.imweb.me/upload/S20220913933c2e8a72cb1/c73f5197c1740.jpg?w=800,https://www.mu-tomo.com/ALLPRODUCTS/?idx=98,98
mono,Mono Ring Dessert Teaspoon - White,28000,,https://cdn-optimized.imweb.me/upload/S20220913933c2e8a72cb1/31ca90aa815d5.jpg?w=800,https://www.mu-tomo.com/ALLPRODUCTS/?idx=99,99
mono,Mono Ring Table Knife - white,49500,,https://cdn-optimized.imweb.me/upload/S20220913933c2e8a72cb1/422cd3464687c.jpg?w=800,https://www.mu-tomo.com/ALLPRODUCTS/?idx=100,100
mono,Mono Ring Table Fork- White,32500,,https://cdn-optimized.imweb.me/upload/S20220913933c2e8a72cb1/a6153853b15e6.jpg?w=800,https://www.mu-tomo.com/ALLPRODUCTS/?idx=101,101
mono,Mono Ring Table Spoon - White,32500,,https://cdn-optimized.imweb.me/upload/S20220913933c2e8a72cb1/ee33a984b1719.jpg?w=800,https://www.mu-tomo.com/ALLPRODUCTS/?idx=102,102
mono,Mono Ring Little Tasting Spoon - Black,38500,,https://cdn-optimized.imweb.me/upload/S20220913933c2e8a72cb1/f6ede17a8a2f8.jpg?w=800,https://www.mu-tomo.com/ALLPRODUCTS/?idx=103,103
mono,Mono Ring Dessert Fork - Black,31000,,https://cdn-optimized.imweb.me/upload/S20220913933c2e8a72cb1/e3f665222b4b8.jpg?w=800,https://www.mu-tomo.com/ALLPRODUCTS/?idx=104,104
mono,Mono Ring Dessert Teaspoon - Black,28000,,https://cdn-optimized.imweb.me/upload/S20220913933c2e8a72cb1/460a398d9f965.jpg?w=800,https://www.mu-tomo.com/ALLPRODUCTS/?idx=105,105
mono,Mono Ring Table Knife - Black,49500,,https://cdn-optimized.imweb.me/upload/S20220913933c2e8a72cb1/81ce327b151cc.jpg?w=800,https://www.mu-tomo.com/ALLPRODUCTS/?idx=106,106
mono,Mono Ring Table Fork- Black,32500,,https://cdn-optimized.imweb.me/upload/S20220913933c2e8a72cb1/4f815cf3c9d88.jpg?w=800,https://www.mu-tomo.com/ALLPRODUCTS/?idx=107,107
mono,Mono Ring Table Spoon - Black,32500,,https://cdn-optimized.imweb.me/upload/S20220913933c2e8a72cb1/922b920bc28a8.jpg?w=800,https://www.mu-tomo.com/ALLPRODUCTS/?idx=108,108
mono,Mono Ring set 5pcs - Black,170000,,https://cdn-optimized.imweb.me/upload/S20220913933c2e8a72cb1/ad817ef262045.jpg?w=800,https://www.mu-tomo.com/ALLPRODUCTS/?idx=110,110
mono,Mono Ring set 5pcs - White,170000,,https://cdn-optimized.imweb.me/upload/S20220913933c2e8a72cb1/1f27aefae169a.jpg?w=800,https://www.mu-tomo.com/ALLPRODUCTS/?idx=111,111
mono,Mono Ring set 5pcs - Grey,170000,,https://cdn-optimized.imweb.me/upload/S20220913933c2e8a72cb1/1c49feed14ab3.jpg?w=800,https://www.mu-tomo.com/ALLPRODUCTS/?idx=112,112
mono,Mono Ring set 5pcs - Blue,170000,,https://cdn-optimized.imweb.me/upload/S20220913933c2e8a72cb1/684968d24cfe2.jpg?w=800,https://www.mu-tomo.com/ALLPRODUCTS/?idx=113,113
mono,Mono Ring set 5pcs - Red,170000,,https://cdn-optimized.imweb.me/upload/S20220913933c2e8a72cb1/2270dbefe7fb2.jpg?w=800,https://www.mu-tomo.com/ALLPRODUCTS/?idx=114,114
mono,Mono Zeug Tools set 4pcs,323000,,https://cdn-optimized.imweb.me/upload/S20220913933c2e8a72cb1/126cc49d792e1.jpg?w=800,https://www.mu-tomo.com/ALLPRODUCTS/?idx=116,116
mono,Mono Zeug Tools - tea spoon,51000,,https://cdn-optimized.imweb.me/upload/S20220913933c2e8a72cb1/8fed41c27dbe1.jpg?w=800,https://www.mu-tomo.com/ALLPRODUCTS/?idx=117,117
mono,Mono Zeug Tools - table knife,148000,,https://cdn-optimized.imweb.me/upload/S20220913933c2e8a72cb1/f7b01dbb7f972.jpg?w=800,https://www.mu-tomo.com/ALLPRODUCTS/?idx=118,118
mono,Mono Zeug Tools - table fork,72000,,https://cdn-optimized.imweb.me/upload/S20220913933c2e8a72cb1/e62495691e97c.jpg?w=800,https://www.mu-tomo.com/ALLPRODUCTS/?idx=119,119
mono,Mono Zeug Tools - table spoon,66000,,https://cdn-optimized.imweb.me/upload/S20220913933c2e8a72cb1/d8b4d5550e37f.jpg?w=800,https://www.mu-tomo.com/ALLPRODUCTS/?idx=120,120
MUTOMO kids,MU. Gene' Petit,390000,,https://cdn-optimized.imweb.me/upload/S20220913933c2e8a72cb1/776fae2357ce9.jpg?w=800,https://www.mu-tomo.com/ALLPRODUCTS/?idx=121,121
mono,Mono Ring Fondue Forks set 6pcs,220000,,https://cdn-optimized.imweb.me/upload/S20220913933c2e8a72cb1/36947a4ffb6dc.jpg?w=800,https://www.mu-tomo.com/ALLPRODUCTS/?idx=122,122
TAKT,Turn Chair,790000,,https://cdn-optimized.imweb.me/upload/S20220913933c2e8a72cb1/84ed3f9c1bd97.jpg?w=800,https://www.mu-tomo.com/ALLPRODUCTS/?idx=125,125
TAKT,Turn Table,1650000,,https://cdn-optimized.imweb.me/upload/S20220913933c2e8a72cb1/0754cd17adfc8.jpg?w=800,https://www.mu-tomo.com/ALLPRODUCTS/?idx=129,129
MUTOMO kids,MU. Gene' Circle,410000,,https://cdn-optimized.imweb.me/upload/S20220913933c2e8a72cb1/bf79a72e98d9b.jpg?w=800,https://www.mu-tomo.com/ALLPRODUCTS/?idx=132,132
mono,Multi Tray XS 15x15,79800,,https://cdn-optimized.imweb.me/upload/S20220913933c2e8a72cb1/78493efc21ae0.jpg?w=800,https://www.mu-tomo.com/ALLPRODUCTS/?idx=135,135
mono,Multi Tray S 31x15,100800,,https://cdn-optimized.imweb.me/upload/S20220913933c2e8a72cb1/3b5a358599d4a.jpg?w=800,https://www.mu-tomo.com/ALLPRODUCTS/?idx=136,136
mono,Multi Tray M 31x31,123000,,https://cdn-optimized.imweb.me/upload/S20220913933c2e8a72cb1/224e106c7f6e9.jpg?w=800,https://www.mu-tomo.com/ALLPRODUCTS/?idx=137,137
mono,Multi Tray ML 31x23,105000,,https://cdn-optimized.imweb.me/upload/S20220913933c2e8a72cb1/1f635814eba98.jpg?w=800,https://www.mu-tomo.com/ALLPRODUCTS/?idx=138,138
mono,Multi Tray L 47 x31.5,145600,,https://cdn-optimized.imweb.me/upload/S20220913933c2e8a72cb1/806b5238f7f36.jpg?w=800,https://www.mu-tomo.com/ALLPRODUCTS/?idx=139,139
MUTOMO kids,MU. Zero kids,130000,,https://cdn-optimized.imweb.me/upload/S20220913933c2e8a72cb1/9b993f5aa9625.jpg?w=800,https://www.mu-tomo.com/ALLPRODUCTS/?idx=140,140
TAKT,Spoke Sofa -Oak Black : PRE-ORDER,4690000,,https://cdn-optimized.imweb.me/upload/S20220913933c2e8a72cb1/8e224be6c85d2.png?w=800,https://www.mu-tomo.com/ALLPRODUCTS/?idx=141,141
TAKT,Arc Dining Table,2590000,,https://cdn-optimized.imweb.me/upload/S20220913933c2e8a72cb1/492f5b4c93fe1.jpg?w=800,https://www.mu-tomo.com/ALLPRODUCTS/?idx=142,142
TAKT,Spoke Sofa - Oak Golden Oil : PRE-ORDER,4690000,,https://cdn-optimized.imweb.me/upload/S20220913933c2e8a72cb1/e58f0789184ba.png?w=800,https://www.mu-tomo.com/ALLPRODUCTS/?idx=143,143
TAKT,Spoke Sofa - Beech White oil : PRE-ORDER,3900000,,https://cdn-optimized.imweb.me/upload/S20220913933c2e8a72cb1/440f97af94ebf.png?w=800,https://www.mu-tomo.com/ALLPRODUCTS/?idx=144,144
MUTOMO kids,MU. Chair,220000,,https://cdn-optimized.imweb.me/upload/S20220913933c2e8a72cb1/5f45beef236da.jpg?w=800,https://www.mu-tomo.com/ALLPRODUCTS/?idx=151,151
MUTOMO kids,Clip Organizer,55000,,https://cdn-optimized.imweb.me/upload/S20220913933c2e8a72cb1/b9b51340e3ebd.jpg?w=800,https://www.mu-tomo.com/ALLPRODUCTS/?idx=152,152
MUTOMO kids,Clip Board,55000,,https://cdn-optimized.imweb.me/upload/S20220913933c2e8a72cb1/65390ee333ac8.jpg?w=800,https://www.mu-tomo.com/ALLPRODUCTS/?idx=153,153
MUTOMO ART PROJECT,MU. Stacked Cubby,380000,,https://cdn-optimized.imweb.me/upload/S20220913933c2e8a72cb1/f0d71c4727d3f.jpg?w=800,https://www.mu-tomo.com/ALLPRODUCTS/?idx=154,154
MUTOMO ART PROJECT,MU. Classic Cubby,850000,,https://cdn-optimized.imweb.me/upload/S20220913933c2e8a72cb1/b9facc1182586.jpg?w=800,https://www.mu-tomo.com/ALLPRODUCTS/?idx=156,156
MUTOMO ART PROJECT,MU. Cubby 800H,530000,,https://cdn-optimized.imweb.me/upload/S20220913933c2e8a72cb1/42e8061f769dc.jpg?w=800,https://www.mu-tomo.com/ALLPRODUCTS/?idx=157,157
MUTOMO kids,MU.Chair Leg Set - 4EA,120000,,https://cdn-optimized.imweb.me/upload/S20220913933c2e8a72cb1/019126d5741f0.jpg?w=800,https://www.mu-tomo.com/ALLPRODUCTS/?idx=158,158
MUTOMO ART PROJECT,Loro Piana Chair Cushion,140000,,https://cdn-optimized.imweb.me/upload/S20220913933c2e8a72cb1/f21d907803fa9.jpg?w=800,https://www.mu-tomo.com/ALLPRODUCTS/?idx=180,180
MUTOMO kids,MU. Lingo,150000,,https://cdn-optimized.imweb.me/upload/S20220913933c2e8a72cb1/98ff14fb7ce8e.jpg?w=800,https://www.mu-tomo.com/ALLPRODUCTS/?idx=187,187
MUTOMO ART PROJECT,MU.Cubby 1200H,650000,,https://cdn-optimized.imweb.me/upload/S20220913933c2e8a72cb1/d48f4dc7cf5bf.jpg?w=800,https://www.mu-tomo.com/ALLPRODUCTS/?idx=188,188
MUTOMO ART PROJECT,Logo Clip,7000,,https://cdn-optimized.imweb.me/upload/S20220913933c2e8a72cb1/17dd60a326311.jpg?w=800,https://www.mu-tomo.com/ALLPRODUCTS/?idx=189,189
MUTOMO ART PROJECT,MU.Cubby 600H,620000,,https://cdn-optimized.imweb.me/upload/S20220913933c2e8a72cb1/be357554b7624.jpg?w=800,https://www.mu-tomo.com/ALLPRODUCTS/?idx=209,209
MUTOMO ART PROJECT,Cubby Section,45000,,https://cdn-optimized.imweb.me/upload/S20220913933c2e8a72cb1/c5440f5eb1e68.jpg?w=800,https://www.mu-tomo.com/ALLPRODUCTS/?idx=210,210
MUTOMO,MU.Table H' Circle,900000,,https://cdn-optimized.imweb.me/upload/S20220913933c2e8a72cb1/c50ab0b2fff04.jpg?w=800,https://www.mu-tomo.com/ALLPRODUCTS/?idx=214,214
MUTOMO,MU.Table H' Square,800000,,https://cdn-optimized.imweb.me/upload/S20220913933c2e8a72cb1/8a1d761c67641.jpg?w=800,https://www.mu-tomo.com/ALLPRODUCTS/?idx=215,215
MUTOMO ART PROJECT,Cubby Box,120000,,https://cdn-optimized.imweb.me/upload/S20220913933c2e8a72cb1/0ab384d0901dd.jpg?w=800,https://www.mu-tomo.com/ALLPRODUCTS/?idx=230,230
MUTOMO ART PROJECT,MU.Stacked Cubby - C type,680000,,https://cdn-optimized.imweb.me/upload/S20220913933c2e8a72cb1/2e287d88fae61.jpg?w=800,https://www.mu-tomo.com/ALLPRODUCTS/?idx=236,236
MUTOMO ART PROJECT,MU. Classic Cubby-24section,880000,,https://cdn-optimized.imweb.me/upload/S20220913933c2e8a72cb1/2423cd76f4ab2.jpg?w=800,https://www.mu-tomo.com/ALLPRODUCTS/?idx=243,243
MUTOMO kids,Kids Chair Cushion,53000,,https://cdn-optimized.imweb.me/upload/S20220913933c2e8a72cb1/099007602bbb6.jpg?w=800,https://www.mu-tomo.com/ALLPRODUCTS/?idx=256,256
TAKT,Bow Chair,980000,,https://cdn-optimized.imweb.me/upload/S20220913933c2e8a72cb1/e2d9c7f67af86.png?w=800,https://www.mu-tomo.com/ALLPRODUCTS/?idx=276,276
MUTOMO ART PROJECT,MU.TurnRack,720000,,https://cdn-optimized.imweb.me/upload/S20220913933c2e8a72cb1/6f16be5523861.jpg?w=800,https://www.mu-tomo.com/ALLPRODUCTS/?idx=309,309
MUTOMO ART PROJECT,MU.Classic Cubby 800,240000,,https://cdn-optimized.imweb.me/upload/S20220913933c2e8a72cb1/d725780ff496d.jpg?w=800,https://www.mu-tomo.com/ALLPRODUCTS/?idx=315,315
MUTOMO ART PROJECT,MU.Classic Cubby 1200,360000,,https://cdn-optimized.imweb.me/upload/S20220913933c2e8a72cb1/42cc126e6d54a.jpg?w=800,https://www.mu-tomo.com/ALLPRODUCTS/?idx=316,316
MUTOMO ART PROJECT,MU. Classic Cubby 1600,480000,,https://cdn-optimized.imweb.me/upload/S20220913933c2e8a72cb1/89d0b33d7ac28.jpg?w=800,https://www.mu-tomo.com/ALLPRODUCTS/?idx=318,318
MUTOMO kids,MU. Gene' Square M,480000,,https://cdn-optimized.imweb.me/upload/S20220913933c2e8a72cb1/59dd2e7bd0ef1.jpg?w=800,https://www.mu-tomo.com/ALLPRODUCTS/?idx=327,327
MUTOMO kids,Clip PegBoard,65000,,https://cdn-optimized.imweb.me/upload/S20220913933c2e8a72cb1/e4902e53157cf.jpg?w=800,https://www.mu-tomo.com/ALLPRODUCTS/?idx=328,328
MUTOMO ART PROJECT,Paint Kit,5000,,https://cdn-optimized.imweb.me/upload/S20220913933c2e8a72cb1/49bc2dc68ded1.jpg?w=800,https://www.mu-tomo.com/ALLPRODUCTS/?idx=330,330
MUTOMO ART PROJECT,Clip Drawer,180000,,https://cdn-optimized.imweb.me/upload/S20220913933c2e8a72cb1/c2a70d2e5750b.jpg?w=800,https://www.mu-tomo.com/ALLPRODUCTS/?idx=344,344
MUTOMO ART PROJECT,MU.Bridge Cubby 1600,850000,,https://cdn-optimized.imweb.me/upload/S20220913933c2e8a72cb1/18ceacb1847e8.jpg?w=800,https://www.mu-tomo.com/ALLPRODUCTS/?idx=386,386
MUTOMO,MU.Gene' Table,902000,,https://cdn-optimized.imweb.me/upload/S20220913933c2e8a72cb1/c0b9d79f8529a.jpg?w=800,https://www.mu-tomo.com/ALLPRODUCTS/?idx=390,390
MUTOMO kids,Clip PegBoard Accessory,8000,,https://cdn-optimized.imweb.me/upload/S20220913933c2e8a72cb1/1829467068537.jpg?w=800,https://www.mu-tomo.com/ALLPRODUCTS/?idx=394,394
MUTOMO ART PROJECT,Clipper [단품 1EA],25000,,https://cdn-optimized.imweb.me/upload/S20220913933c2e8a72cb1/6aff18fc55ae3.jpg?w=800,https://www.mu-tomo.com/ALLPRODUCTS/?idx=396,396
MUTOMO ART PROJECT,MU.Bridge Cubby 800,590000,,https://cdn-optimized.imweb.me/upload/S20220913933c2e8a72cb1/f175486cd9e75.jpg?w=800,https://www.mu-tomo.com/ALLPRODUCTS/?idx=419,419
MUTOMO kids,Lofty Guard [단품 1EA],150000,,https://cdn-optimized.imweb.me/upload/S20220913933c2e8a72cb1/c869904876321.jpg?w=800,https://www.mu-tomo.com/ALLPRODUCTS/?idx=531,531
MUTOMO kids,Lofty Step,180000,,https://cdn-optimized.imweb.me/upload/S20220913933c2e8a72cb1/10e0f79d02600.jpg?w=800,https://www.mu-tomo.com/ALLPRODUCTS/?idx=532,532
TAKT,Studio Bar Stool,830000,,https://cdn-optimized.imweb.me/upload/S20220913933c2e8a72cb1/84f8b4110b5de.jpg?w=800,https://www.mu-tomo.com/ALLPRODUCTS/?idx=579,579
MUTOMO ART PROJECT,MU.Atelier Cubby,980000,,https://cdn-optimized.imweb.me/upload/S20220913933c2e8a72cb1/22372310f7dda.jpg?w=800,https://www.mu-tomo.com/ALLPRODUCTS/?idx=600,600
MUTOMO Kids,MU.Folio,650000,,https://cdn-optimized.imweb.me/upload/S20220913933c2e8a72cb1/38bf3bb440fa1.jpg?w=800,https://www.mu-tomo.com/ALLPRODUCTS/?idx=615,615
