엑셀상품명,판매가격,광진가격(60%),url
[TAKT] Cross Chair Tube,840000,,https://www.mu-tomo.com/ALLPRODUCTS/?idx=1
[TAKT] Arc Chair,1230000,,https://www.mu-tomo.com/ALLPRODUCTS/?idx=2
[TAKT] Soft Chair,1280000,,https://www.mu-tomo.com/ALLPRODUCTS/?idx=3
[TAKT] Soft Lounge Chair,2360000,,https://www.mu-tomo.com/ALLPRODUCTS/?idx=4
[TAKT] Sling Lounge Chair,1810000,,https://www.mu-tomo.com/ALLPRODUCTS/?idx=5
[TAKT] Turn Chair,790000,,https://www.mu-tomo.com/ALLPRODUCTS/?idx=6
[TAKT] Sling Lounge Chair Armrest,1890000,,https://www.mu-tomo.com/ALLPRODUCTS/?idx=7
[MUTOMO] MU. Type AT1600,1260000,,https://www.mu-tomo.com/ALLPRODUCTS/?idx=8
[MUTOMO] MU. Type AT1200,1140000,,https://www.mu-tomo.com/ALLPRODUCTS/?idx=9
[MUTOMO] MU. Type AR1600,1260000,,https://www.mu-tomo.com/ALLPRODUCTS/?idx=10
[MUTOMO] MU. Type AC1100,1130000,,https://www.mu-tomo.com/ALLPRODUCTS/?idx=11
[MUTOMO] MU.Table H' Square,800000,,https://www.mu-tomo.com/ALLPRODUCTS/?idx=12
[MUTOMO] MU. Type AT1800,1390000,,https://www.mu-tomo.com/ALLPRODUCTS/?idx=35
[TAKT] Cross Task Chair,890000,,https://www.mu-tomo.com/ALLPRODUCTS/?idx=37
[mono] POTT Bonito children's cutlery Set - 4pcs,169000,,https://www.mu-tomo.com/ALLPRODUCTS/?idx=48
[MUTOMO ART PROJECT] MU.Cubby 1200H,650000,,https://www.mu-tomo.com/ALLPRODUCTS/?idx=52
[MUTOMO kids] MU. Gene' Circle,410000,,https://www.mu-tomo.com/ALLPRODUCTS/?idx=53
[MUTOMO kids] MU. Gene' Mango,438000,,https://www.mu-tomo.com/ALLPRODUCTS/?idx=54
[MUTOMO kids] MU. Gene' Square L 75,587000,,https://www.mu-tomo.com/ALLPRODUCTS/?idx=59
[MUTOMO kids] MU. Gene' Round,483000,,https://www.mu-tomo.com/ALLPRODUCTS/?idx=60
[MUTOMO ART PROJECT] MU.Cubby 600H,620000,,https://www.mu-tomo.com/ALLPRODUCTS/?idx=61
[MUTOMO ART PROJECT] Cubby Box,120000,,https://www.mu-tomo.com/ALLPRODUCTS/?idx=62
[TAKT] Curve Coat Rack shelf : PRE-ORDER,246000,,https://www.mu-tomo.com/ALLPRODUCTS/?idx=63
[MUTOMO ART PROJECT] Table Board [단품] - 6종류,102000,,https://www.mu-tomo.com/ALLPRODUCTS/?idx=64
[TAKT] Cross Chair,890000,,https://www.mu-tomo.com/ALLPRODUCTS/?idx=65
[MUTOMO ART PROJECT] MU. Cubby 1600,680000,,https://www.mu-tomo.com/ALLPRODUCTS/?idx=67
[mono] Mono Ring Table Fork- Grey,32500,,https://www.mu-tomo.com/ALLPRODUCTS/?idx=68
[mono] Mono Ring Table Knife - Grey,49500,,https://www.mu-tomo.com/ALLPRODUCTS/?idx=69
[mono] Mono Ring Dessert Teaspoon - Grey,28000,,https://www.mu-tomo.com/ALLPRODUCTS/?idx=70
[mono] Mono Ring Dessert Fork - Grey,31000,,https://www.mu-tomo.com/ALLPRODUCTS/?idx=71
[mono] Mono Ring set 5pcs - Grey,170000,,https://www.mu-tomo.com/ALLPRODUCTS/?idx=72
[mono] Mono Ring Fondue Forks set 6pcs,220000,,https://www.mu-tomo.com/ALLPRODUCTS/?idx=78
[mono] Mono Ring Table Spoon - Grey,32500,,https://www.mu-tomo.com/ALLPRODUCTS/?idx=79
[mono] Mono Ring set 5pcs - Blue,170000,,https://www.mu-tomo.com/ALLPRODUCTS/?idx=80
[mono] Mono Ring Dessert Fork - Blue,31000,,https://www.mu-tomo.com/ALLPRODUCTS/?idx=81
[mono] Mono Ring Dessert Teaspoon - Blue,28000,,https://www.mu-tomo.com/ALLPRODUCTS/?idx=82
[mono] Mono Ring Table Knife - Blue,49500,,https://www.mu-tomo.com/ALLPRODUCTS/?idx=83
[mono] Mono Ring Table Fork- Blue,32500,,https://www.mu-tomo.com/ALLPRODUCTS/?idx=84
[mono] Mono Ring Little Tasting Spoon - Red,38500,,https://www.mu-tomo.com/ALLPRODUCTS/?idx=91
[mono] Mono Ring set 5pcs - Red,170000,,https://www.mu-tomo.com/ALLPRODUCTS/?idx=92
[mono] Mono Ring Dessert Fork - Red,31000,,https://www.mu-tomo.com/ALLPRODUCTS/?idx=93
[mono] Mono Ring Dessert Teaspoon - Red,28000,,https://www.mu-tomo.com/ALLPRODUCTS/?idx=94
[mono] Mono Ring Table Knife - Red,49500,,https://www.mu-tomo.com/ALLPRODUCTS/?idx=95
[mono] Mono Ring Table Fork- Red,32500,,https://www.mu-tomo.com/ALLPRODUCTS/?idx=96
[mono] Mono Ring Table Spoon - Red,32500,,https://www.mu-tomo.com/ALLPRODUCTS/?idx=97
[mono] Mono Ring set 5pcs - White,170000,,https://www.mu-tomo.com/ALLPRODUCTS/?idx=98
[mono] Mono Ring Dessert Fork - White,31000,,https://www.mu-tomo.com/ALLPRODUCTS/?idx=99
[mono] Mono Ring Dessert Teaspoon - White,28000,,https://www.mu-tomo.com/ALLPRODUCTS/?idx=100
[mono] Mono Ring Table Knife - white,49500,,https://www.mu-tomo.com/ALLPRODUCTS/?idx=101
[mono] Mono Ring Table Fork- White,32500,,https://www.mu-tomo.com/ALLPRODUCTS/?idx=102
[mono] Mono Ring Table Spoon - White,32500,,https://www.mu-tomo.com/ALLPRODUCTS/?idx=103
[mono] Mono Ring set 5pcs - Black,170000,,https://www.mu-tomo.com/ALLPRODUCTS/?idx=104
[mono] Mono Ring Dessert Fork - Black,31000,,https://www.mu-tomo.com/ALLPRODUCTS/?idx=105
[mono] Mono Ring Dessert Teaspoon - Black,28000,,https://www.mu-tomo.com/ALLPRODUCTS/?idx=106
[mono] Mono Ring Table Knife - Black,49500,,https://www.mu-tomo.com/ALLPRODUCTS/?idx=107
[mono] Mono Ring Table Fork- Black,32500,,https://www.mu-tomo.com/ALLPRODUCTS/?idx=108
[mono] Mono Ring Little Tasting Spoon - Black,38500,,https://www.mu-tomo.com/ALLPRODUCTS/?idx=110
[mono] Mono Ring Little Tasting Spoon - white,38500,,https://www.mu-tomo.com/ALLPRODUCTS/?idx=111
[mono] Mono Ring Little Tasting Spoon - Grey,38500,,https://www.mu-tomo.com/ALLPRODUCTS/?idx=112
[mono] Mono Ring Little Tasting Spoon - Blue,38500,,https://www.mu-tomo.com/ALLPRODUCTS/?idx=113
[mono] Mono Ring Table Spoon - Black,32500,,https://www.mu-tomo.com/ALLPRODUCTS/?idx=116
[mono] Mono Zeug Tools set 4pcs,323000,,https://www.mu-tomo.com/ALLPRODUCTS/?idx=117
[mono] Mono Zeug Tools - tea spoon,51000,,https://www.mu-tomo.com/ALLPRODUCTS/?idx=118
[mono] Mono Zeug Tools - table fork,72000,,https://www.mu-tomo.com/ALLPRODUCTS/?idx=119
[MUTOMO kids] MU. Gene' Square M,480000,,https://www.mu-tomo.com/ALLPRODUCTS/?idx=121
[mono] Flatware stand,56500,,https://www.mu-tomo.com/ALLPRODUCTS/?idx=122
[MUTOMO kids] MU.Chair Leg Set - 4EA,120000,,https://www.mu-tomo.com/ALLPRODUCTS/?idx=125
[mono] Mono Zeug Tools - table spoon,66000,,https://www.mu-tomo.com/ALLPRODUCTS/?idx=129
[MUTOMO ART PROJECT] Clip Drawer,180000,,https://www.mu-tomo.com/ALLPRODUCTS/?idx=132
[mono] Multi Tray S 31x15,100800,,https://www.mu-tomo.com/ALLPRODUCTS/?idx=135
[mono] Multi Tray M 31x31,123000,,https://www.mu-tomo.com/ALLPRODUCTS/?idx=136
[mono] Multi Tray ML 31x23,105000,,https://www.mu-tomo.com/ALLPRODUCTS/?idx=137
[mono] Multi Tray L 47 x31.5,145600,,https://www.mu-tomo.com/ALLPRODUCTS/?idx=138
[TAKT] Turn Table,1650000,,https://www.mu-tomo.com/ALLPRODUCTS/?idx=139
[MUTOMO kids] Kids Chair Cushion,53000,,https://www.mu-tomo.com/ALLPRODUCTS/?idx=140
[MUTOMO] MU.Gene' Table,902000,,https://www.mu-tomo.com/ALLPRODUCTS/?idx=141
[mono] Multi Tray XS 15x15,79800,,https://www.mu-tomo.com/ALLPRODUCTS/?idx=142
[TAKT] Spoke Sofa -Oak Black : PRE-ORDER,4690000,,https://www.mu-tomo.com/ALLPRODUCTS/?idx=143
[TAKT] Spoke Sofa - Oak Golden Oil : PRE-ORDER,4690000,,https://www.mu-tomo.com/ALLPRODUCTS/?idx=144
[MUTOMO kids] MU. Chair,220000,,https://www.mu-tomo.com/ALLPRODUCTS/?idx=151
[TAKT] Bow Chair,980000,,https://www.mu-tomo.com/ALLPRODUCTS/?idx=152
[MUTOMO kids] Clip Organizer,55000,,https://www.mu-tomo.com/ALLPRODUCTS/?idx=153
[TAKT] Spoke Sofa - Beech White oil : PRE-ORDER,3900000,,https://www.mu-tomo.com/ALLPRODUCTS/?idx=154
[MUTOMO ART PROJECT] MU.Stacked Cubby - C type,680000,,https://www.mu-tomo.com/ALLPRODUCTS/?idx=156
[MUTOMO ART PROJECT] MU. Cubby 800,500000,,https://www.mu-tomo.com/ALLPRODUCTS/?idx=157
[MUTOMO ART PROJECT] Clipper Leg [단품 1EA],72000,,https://www.mu-tomo.com/ALLPRODUCTS/?idx=158
[MUTOMO kids] MU. Lingo,150000,,https://www.mu-tomo.com/ALLPRODUCTS/?idx=180
[MUTOMO ART PROJECT] MU.TurnRack,720000,,https://www.mu-tomo.com/ALLPRODUCTS/?idx=187
[MUTOMO ART PROJECT] MU. Cubby 1200,550000,,https://www.mu-tomo.com/ALLPRODUCTS/?idx=188
[MUTOMO ART PROJECT] Clipper [단품 1EA],25000,,https://www.mu-tomo.com/ALLPRODUCTS/?idx=189
[MUTOMO ART PROJECT] MU. Cubby 800H,530000,,https://www.mu-tomo.com/ALLPRODUCTS/?idx=209
[MUTOMO ART PROJECT] Cubby Section,45000,,https://www.mu-tomo.com/ALLPRODUCTS/?idx=210
[MUTOMO] MU. Type OneB1200,430000,,https://www.mu-tomo.com/ALLPRODUCTS/?idx=214
[MUTOMO] MU.Table H' Circle,900000,,https://www.mu-tomo.com/ALLPRODUCTS/?idx=215
[MUTOMO ART PROJECT] MU. Stacked Cubby,380000,,https://www.mu-tomo.com/ALLPRODUCTS/?idx=236
[MUTOMO ART PROJECT] MU. Classic Cubby,850000,,https://www.mu-tomo.com/ALLPRODUCTS/?idx=243
[MUTOMO ART PROJECT] Logo Clip,7000,,https://www.mu-tomo.com/ALLPRODUCTS/?idx=256
[MUTOMO ART PROJECT] MU. Classic Cubby-24section,880000,,https://www.mu-tomo.com/ALLPRODUCTS/?idx=309
[MUTOMO kids] Clip Board,55000,,https://www.mu-tomo.com/ALLPRODUCTS/?idx=315
[MUTOMO ART PROJECT] MU.Classic Cubby 800,240000,,https://www.mu-tomo.com/ALLPRODUCTS/?idx=316
[MUTOMO ART PROJECT] MU.Classic Cubby 1200,360000,,https://www.mu-tomo.com/ALLPRODUCTS/?idx=318
[MUTOMO kids] MU. Gene' Square L,483000,,https://www.mu-tomo.com/ALLPRODUCTS/?idx=327
[MUTOMO kids] Clip PegBoard Accessory,8000,,https://www.mu-tomo.com/ALLPRODUCTS/?idx=328
[MUTOMO ART PROJECT] MU.Bridge Cubby 800,590000,,https://www.mu-tomo.com/ALLPRODUCTS/?idx=330
[MUTOMO kids] Clip PegBoard,65000,,https://www.mu-tomo.com/ALLPRODUCTS/?idx=344
[MUTOMO ART PROJECT] MU. Classic Cubby 1600,480000,,https://www.mu-tomo.com/ALLPRODUCTS/?idx=386
[TAKT] Arc Dining Table,2590000,,https://www.mu-tomo.com/ALLPRODUCTS/?idx=390
[MUTOMO ART PROJECT] Paint Kit,5000,,https://www.mu-tomo.com/ALLPRODUCTS/?idx=394
[MUTOMO ART PROJECT] Loro Piana Chair Cushion,140000,,https://www.mu-tomo.com/ALLPRODUCTS/?idx=396
[MUTOMO ART PROJECT] MU.Bridge Cubby 1600,850000,,https://www.mu-tomo.com/ALLPRODUCTS/?idx=419
[MUTOMO kids] Lofty Step,180000,,https://www.mu-tomo.com/ALLPRODUCTS/?idx=531
[MUTOMO kids] MU. Gene' Petit,390000,,https://www.mu-tomo.com/ALLPRODUCTS/?idx=532
[MUTOMO kids] Lofty Guard [단품 1EA],150000,,https://www.mu-tomo.com/ALLPRODUCTS/?idx=579
[TAKT] Studio Bar Stool,830000,,https://www.mu-tomo.com/ALLPRODUCTS/?idx=600
[MUTOMO Kids] MU.Folio,650000,,https://www.mu-tomo.com/ALLPRODUCTS/?idx=615
